id,name,pct_pre1919,abs_pre1919
10101,Eisenstadt,7.58,323
10201,Rust,12.23,146
10301,Breitenbrunn am Neusiedler See,5.27,59
10302,Donnerskirchen,7.39,73
10303,Großhöflein,4.83,44
10304,Hornstein,4.45,95
10305,Klingenbach,10.58,58
10306,Leithaprodersdorf,2.92,15
10307,Mörbisch am See,6.28,74
10308,Müllendorf,11.21,75
10309,Neufeld an der Leitha,4.76,68
10310,Oggau am Neusiedler See,8.27,69
10311,Oslip,14.53,95
10312,Purbach am Neusiedler See,6.25,92
10313,Sankt Margarethen im Burgenland,10.34,148
10314,Schützen am Gebirge,6.45,44
10315,Siegendorf,6.25,84
10316,Steinbrunn,1.82,35
10317,Trausdorf an der Wulka,4.16,58
10318,Wimpassing an der Leitha,3.3,24
10319,Wulkaprodersdorf,6.96,61
10320,Loretto,7.89,27
10321,Stotzing,3.36,12
10322,Zillingtal,5.61,30
10323,Zagersdorf,3.36,16
10401,Bocksdorf,12.19,49
10402,Burgauberg-Neudauberg,16,96
10403,Eberau,10.61,63
10404,Gerersdorf-Sulz,7.81,41
10405,Güssing,10.26,151
10406,Güttenbach,0.7,3
10407,Heiligenbrunn,19.15,81
10408,Kukmirn,7.62,69
10409,Neuberg im Burgenland,3.72,18
10410,Neustift bei Güssing,22.26,59
10411,Olbendorf,10.31,79
10412,Ollersdorf im Burgenland,8.52,41
10413,Sankt Michael im Burgenland,12.4,65
10414,Stegersbach,10.41,132
10415,Stinatz,8.04,48
10416,Strem,5.25,32
10417,Tobaj,6.58,44
10418,Hackerberg,12.77,24
10419,Wörterberg,12.77,30
10420,Großmürbisch,17.81,26
10421,Inzenhof,22.28,43
10422,Kleinmürbisch,14.05,17
10423,Tschanigraben,14,7
10424,Heugraben,8.46,11
10425,Rohr im Burgenland,18.75,39
10426,Bildein,21.67,39
10427,Rauchwart,14.63,42
10428,Moschendorf,9.5,19
10501,Deutsch Kaltenbrunn,11.18,86
10502,Eltendorf,21.76,99
10503,Heiligenkreuz im Lafnitztal,17.91,115
10504,Jennersdorf,16.38,287
10505,Minihof-Liebau,28.48,137
10506,Mogersdorf,17.95,100
10507,Neuhaus am Klausenbach,26.59,117
10508,Rudersdorf,10.63,94
10509,Sankt Martin an der Raab,28.32,275
10510,Weichselbaum,30.75,123
10511,Königsdorf,21.11,72
10512,Mühlgraben,30.22,55
10601,Draßburg,11.11,65
10602,Forchtenstein,4.46,59
10603,Hirm,9.91,42
10604,Loipersbach im Burgenland,6.39,36
10605,Marz,5.62,52
10606,Mattersburg,5.02,131
10607,Neudörfl,4.84,86
10608,Pöttelsdorf,7.78,28
10609,Pöttsching,2.78,43
10610,Rohrbach bei Mattersburg,3.38,36
10611,Bad Sauerbrunn,12.15,118
10612,Schattendorf,5.26,62
10613,Sieggraben,1.98,11
10614,Sigleß,9.14,52
10615,Wiesen,2.45,32
10616,Antau,8,32
10617,Baumgarten,9.79,43
10618,Zemendorf-Stöttera,10.8,69
10619,Krensdorf,17.27,48
10701,Andau,0.65,7
10702,Apetlon,2.97,30
10703,Bruckneudorf,9.67,81
10704,Deutsch Jahrndorf,7.65,25
10705,Frauenkirchen,4.55,63
10706,Gattendorf,2.54,16
10707,Gols,1.1,19
10708,Halbturn,3.71,30
10709,Illmitz,1.79,21
10710,Jois,3.02,23
10711,Kittsee,8.64,112
10712,Mönchhof,1.2,12
10713,Neusiedl am See,2.71,85
10714,Nickelsdorf,3.91,35
10715,Pama,3.3,17
10716,Pamhagen,0.54,5
10717,Parndorf,4.38,82
10718,Podersdorf am See,0.25,3
10719,Sankt Andrä am Zicksee,0.94,7
10720,Tadten,0.87,5
10721,Wallern im Burgenland,0.78,6
10722,Weiden am See,0.47,8
10723,Winden am See,5.87,38
10724,Zurndorf,5,51
10725,Neudorf,5.94,24
10726,Potzneusiedl,8.88,30
10727,Edelstal,2.83,12
10801,Deutschkreutz,2.99,46
10802,Draßmarkt,10.67,67
10803,Frankenau-Unterpullendorf,9.31,62
10804,Großwarasdorf,13.97,132
10805,Horitschon,2.28,19
10806,Kaisersdorf,19,76
10807,Kobersdorf,11.41,105
10808,Lackenbach,13.68,77
10809,Lockenhaus,13.87,161
10810,Lutzmannsburg,22.11,130
10811,Mannersdorf an der Rabnitz,14.33,141
10812,Markt Sankt Martin,13.28,89
10813,Neckenmarkt,5.36,42
10814,Neutal,5.5,28
10815,Nikitsch,7.99,77
10816,Oberpullendorf,3.61,44
10817,Pilgersdorf,9.66,82
10818,Piringsdorf,5.9,23
10819,Raiding,4.34,17
10820,Ritzing,6.5,37
10821,Steinberg-Dörfl,11.14,80
10822,Stoob,8.99,56
10823,Weppersdorf,6.03,52
10824,Lackendorf,6.6,19
10825,Unterfrauenhaid,4.9,15
10826,Unterrabnitz-Schwendgraben,9.9,30
10827,Weingraben,14.95,29
10828,Oberloisdorf,7.89,31
10901,Bad Tatzmannsdorf,4.59,30
10902,Bernstein,9.9,103
10903,Deutsch Schützen-Eisenberg,12.67,84
10904,Grafenschachen,8.43,44
10905,Großpetersdorf,8.93,143
10906,Hannersdorf,21.82,108
10907,Kemeten,5.78,45
10908,Kohfidisch,10.07,77
10909,Litzelsdorf,6,36
10910,Loipersdorf-Kitzladen,7.61,41
10911,Mariasdorf,14.52,79
10912,Markt Allhau,15.51,136
10913,Markt Neuhodis,1.25,5
10914,Mischendorf,9.84,76
10915,Oberdorf im Burgenland,10.97,59
10916,Oberschützen,18.62,197
10917,Oberwart,8.49,223
10918,Pinkafeld,7.02,143
10919,Rechnitz,9.86,153
10920,Riedlingsdorf,10.71,81
10921,Rotenturm an der Pinka,13.59,95
10922,Schachendorf,10.97,51
10923,Stadtschlaining,25.49,258
10924,Unterkohlstätten,6.35,29
10925,Unterwart,13.75,77
10926,Weiden bei Rechnitz,18.52,100
10927,Wiesfleck,13.87,71
10928,Wolfau,12.42,80
10929,Neustift an der Lafnitz,3.58,10
10930,Jabing,19.67,72
10931,Badersdorf,13.7,20
10932,Schandorf,5.65,10
20101,Klagenfurt am Wörthersee,7.43,1608
20201,Villach,8.14,1072
20302,Dellach,30.51,137
20305,Hermagor-Pressegger See,15.82,492
20306,Kirchbach,25.54,248
20307,Kötschach-Mauthen,21.34,294
20316,St. Stefan im Gailtal,25.8,194
20320,Gitschtal,23.89,129
20321,Lesachtal,32.99,193
20402,Ebenthal in Kärnten,4.23,115
20403,Feistritz im Rosental,15.58,167
20405,Ferlach,17.4,523
20409,Grafenstein,10.85,125
20412,Keutschach am See,7.52,77
20414,Köttmannsdorf,6.54,82
20415,Krumpendorf am Wörthersee,8.22,108
20416,Ludmannsdorf,7.46,58
20417,Maria Rain,8.1,81
20418,Maria Saal,9.77,152
20419,Maria Wörth,9.34,85
20421,Moosburg,8.17,136
20424,Pörtschach am Wörther See,9.64,126
20425,Poggersdorf,6.17,80
20428,St. Margareten im Rosental,15.62,77
20432,Schiefling am Wörthersee,7.17,85
20435,Techelsberg am Wörther See,6.87,70
20441,Zell,22.15,70
20442,Magdalensberg,9.72,133
20501,Althofen,9.37,109
20502,Brückl,11.12,106
20503,Deutsch-Griffen,15.56,56
20504,Eberstein,21.37,112
20505,Friesach,21.68,376
20506,Glödnitz,9.53,51
20508,Gurk,23.08,96
20509,Guttaring,19.13,105
20511,Hüttenberg,33.46,271
20512,Kappel am Krappfeld,13.92,93
20513,Klein St. Paul,13.7,91
20515,Liebenfels,14.35,178
20518,Metnitz,25.8,210
20519,Micheldorf,16.03,59
20520,Mölbling,20.19,109
20523,St. Georgen am Längsee,10.31,145
20527,St. Veit an der Glan,12.29,372
20530,Straßburg,24.68,175
20531,Weitensfeld im Gurktal,14.62,125
20534,Frauenstein,11.3,156
20601,Bad Kleinkirchheim,5.23,58
20602,Baldramsdorf,7.03,47
20603,Berg im Drautal,18.74,95
20604,Dellach im Drautal,16.95,100
20605,Großkirchheim,14.02,84
20607,Flattach,12.04,65
20608,Gmünd in Kärnten,15.48,154
20609,Greifenburg,26.12,180
20610,Heiligenblut am Großglockner,21.1,107
20611,Irschen,12.79,95
20613,Kleblach-Lind,17.27,72
20616,Lendorf,9.28,58
20618,Mallnitz,8.45,36
20619,Malta,12.71,99
20620,Millstatt am See,11.02,166
20622,Mörtschach,13.77,53
20624,Mühldorf,15.93,54
20625,Oberdrauburg,19.82,88
20627,Obervellach,22.22,192
20630,Radenthein,7.25,167
20631,Rangersdorf,17.84,119
20632,Rennweg am Katschberg,11.86,90
20633,Sachsenburg,10.63,49
20634,Seeboden am Millstätter See,6.6,166
20635,Spittal an der Drau,7.45,267
20636,Stall,19.23,105
20637,Steinfeld,22.15,146
20638,Trebesing,28.21,112
20639,Weißensee,4.34,20
20640,Winklern,11.94,53
20642,Krems in Kärnten,25.57,203
20643,Lurnfeld,12.63,121
20644,Reißeck,15.82,153
20701,Afritz am See,8.48,47
20702,Arnoldstein,11.57,263
20703,Arriach,14.01,86
20705,Bad Bleiberg,23.62,218
20707,Feistritz an der Gail,18.22,43
20708,Feld am See,10.82,54
20710,Ferndorf,5.73,45
20711,Finkenstein am Faaker See,9.24,355
20712,Fresach,13.21,67
20713,Hohenthurn,26.45,91
20719,Nötsch im Gailtal,15.66,142
20720,Paternion,10.04,204
20721,Rosegg,13.41,98
20722,St. Jakob im Rosental,8.47,148
20723,Stockenboi,18.88,121
20724,Treffen am Ossiacher See,8.93,185
20725,Velden am Wörther See,7.17,288
20726,Weißenstein,7.81,90
20727,Wernberg,5.98,126
20801,Bleiburg,15.13,229
20802,Diex,10.84,44
20803,Eberndorf,6.48,159
20804,Eisenkappel-Vellach,26.18,249
20805,Feistritz ob Bleiburg,13.08,121
20806,Gallizien,10.1,77
20807,Globasnitz,13.49,87
20808,Griffen,14.69,189
20810,Neuhaus,12.75,52
20812,Ruden,15.07,91
20813,St. Kanzian am Klopeiner See,7.02,158
20815,Sittersdorf,12.44,113
20817,Völkermarkt,10.29,402
20901,Bad St. Leonhard im Lavanttal,12.69,204
20905,Frantschach-St. Gertraud,10.66,92
20909,Lavamünd,13.11,146
20911,Preitenegg,7.18,30
20912,Reichenfels,12.88,88
20913,St. Andrä,7.16,250
20914,St. Georgen im Lavanttal,8.37,57
20918,St. Paul im Lavanttal,13.25,146
20923,Wolfsberg,8.32,672
21001,Albeck,13.34,81
21002,Feldkirchen in Kärnten,8.54,418
21003,Glanegg,11.04,72
21004,Gnesau,27.73,127
21005,Himmelberg,18.68,178
21006,Ossiach,4.94,22
21007,Reichenau,14.77,173
21008,St. Urban,6.1,35
21009,Steindorf am Ossiacher See,7.86,127
21010,Steuerberg,12.6,76
30101,Krems an der Donau,17.99,1122
30201,St. Pölten,8.86,1200
30301,Waidhofen an der Ybbs,21.73,717
30401,Wiener Neustadt,12.33,1281
30501,Allhartsberg,11.11,75
30502,Amstetten,9.79,624
30503,Ardagger,17.6,189
30504,Aschbach-Markt,28.01,312
30506,Behamberg,9.6,105
30507,Biberbach,28.72,189
30508,Ennsdorf,5.22,52
30509,Ernsthofen,14.02,107
30510,Ertl,15.68,61
30511,Euratsfeld,20.6,172
30512,Ferschnitz,11.67,72
30514,Haag,19.33,324
30515,Haidershofen,11.68,137
30516,Hollenstein an der Ybbs,29.54,200
30517,Kematen an der Ybbs,9.1,70
30520,Neuhofen an der Ybbs,18.56,167
30521,Neustadtl an der Donau,22.24,161
30522,Oed-Oehling,13.54,85
30524,Opponitz,20.52,63
30526,St. Georgen am Reith,23.18,51
30527,St. Georgen am Ybbsfelde,7.44,70
30529,St. Pantaleon-Erla,15.48,144
30530,St. Peter in der Au,15.41,230
30531,St. Valentin,12.56,347
30532,Seitenstetten,19.14,201
30533,Sonntagberg,13.79,156
30534,Strengberg,20.77,141
30536,Viehdorf,15.38,62
30538,Wallsee-Sindelburg,23.42,159
30539,Weistrach,20.66,143
30541,Winklarn,7.58,46
30542,Wolfsbach,28.66,186
30543,Ybbsitz,15.7,190
30544,Zeillern,14.76,80
30601,Alland,18.4,212
30602,Altenmarkt an der Triesting,21.1,195
30603,Bad Vöslau,16.32,557
30604,Baden,27.19,1645
30605,Berndorf,30,814
30607,Ebreichsdorf,3.52,159
30608,Enzesfeld-Lindabrunn,9.28,158
30609,Furth an der Triesting,20.16,76
30612,Günselsdorf,5.14,27
30613,Heiligenkreuz,14.6,92
30614,Hernstein,17.11,130
30615,Hirtenberg,28.45,161
30616,Klausen-Leopoldsdorf,25.26,168
30618,Kottingbrunn,3.51,98
30620,Leobersdorf,13.95,194
30621,Mitterndorf an der Fischa,3.66,35
30623,Oberwaltersdorf,3.93,72
30625,Pfaffstätten,16.79,206
30626,Pottendorf,10.03,273
30627,Pottenstein,24.95,229
30629,Reisenberg,6.22,58
30631,Schönau an der Triesting,9.38,71
30633,Seibersdorf,3.27,28
30635,Sooß,12.35,53
30636,Tattendorf,8.59,53
30637,Teesdorf,4.98,33
30639,Traiskirchen,7.78,455
30641,Trumau,6.81,74
30645,Weissenbach an der Triesting,29.54,187
30646,Blumau-Neurißhof,14.01,81
30701,Au am Leithaberge,5.33,28
30702,Bad Deutsch-Altenburg,12.09,89
30703,Berg,12.27,61
30704,Bruck an der Leitha,14.46,421
30706,Enzersdorf an der Fischa,5.45,89
30708,Göttlesbrunn-Arbesthal,6.37,45
30709,Götzendorf an der Leitha,8.81,82
30710,Hainburg a.d. Donau,20.32,464
30711,Haslau-Maria Ellend,1.99,19
30712,Höflein,3.9,23
30713,Hof am Leithaberge,9.95,76
30715,Hundsheim,14.19,44
30716,Mannersdorf am Leithagebirge,11.98,196
30718,Petronell-Carnuntum,15.74,99
30719,Prellenkirchen,9.6,81
30721,Rohrau,5.78,45
30722,Scharndorf,9.39,62
30724,Sommerein,3.98,38
30726,Trautmannsdorf an der Leitha,8.06,110
30728,Wolfsthal,11.11,56
30729,Ebergassing,7.39,93
30730,Fischamend,7.58,113
30731,Gramatneusiedl,7.06,77
30732,Himberg,4.21,140
30733,Klein-Neusiedl,19.3,66
30734,Lanzendorf,4.8,34
30735,Leopoldsdorf,1.69,35
30736,Maria-Lanzendorf,6.95,55
30737,Moosbrunn,8.93,66
30738,Rauchenwarth,10.17,36
30739,Schwadorf,6.69,48
30740,Schwechat,7.31,288
30741,Zwölfaxing,4.64,30
30801,Aderklaa,7.14,7
30802,Andlersdorf,14.67,11
30803,Angern an der March,17.99,291
30804,Auersthal,10.43,102
30805,Bad Pirawarth,24.49,214
30808,Deutsch-Wagram,16.65,525
30810,Drösing,35.19,228
30811,Dürnkrut,18.33,197
30812,Ebenthal,22.34,107
30813,Eckartsau,16.2,105
30814,Engelhartstetten,12.67,132
30817,Gänserndorf,4.47,170
30819,Glinzendorf,4.08,6
30821,Groß-Enzersdorf,5.32,272
30822,Großhofen,22.22,10
30824,Groß-Schweinbarth,19,126
30825,Haringsee,9.32,56
30826,Hauskirchen,20.2,158
30827,Hohenau an der March,14.61,209
30828,Hohenruppersdorf,24.44,132
30829,Jedenspeigen,17.87,109
30830,Lassee,4.23,64
30831,Leopoldsdorf im Marchfeld,4.84,55
30834,Mannsdorf an der Donau,6.7,12
30835,Marchegg,14.11,217
30836,Markgrafneusiedl,5.97,24
30838,Matzen-Raggendorf,15.81,211
30841,Neusiedl an der Zaya,20.14,140
30842,Obersiebenbrunn,10.05,76
30844,Orth an der Donau,10.55,92
30845,Palterndorf-Dobermannsdorf,28.28,209
30846,Parbasdorf,8.82,6
30848,Prottes,11.66,83
30849,Raasdorf,11.46,36
30850,Ringelsdorf-Niederabsdorf,28.9,228
30852,Schönkirchen-Reyersdorf,9.02,84
30854,Spannberg,13.2,71
30856,Strasshof an der Nordbahn,1.3,65
30857,Sulz im Weinviertel,23.54,182
30858,Untersiebenbrunn,6.85,51
30859,Velm-Götzendorf,24.32,116
30860,Weikendorf,11.37,108
30863,Zistersdorf,19.17,501
30865,Weiden an der March,9.95,62
30902,Amaliendorf-Aalfang,19.63,126
30903,Brand-Nagelberg,25.87,208
30904,Eggern,26.42,112
30906,Eisgarn,21.32,81
30908,Gmünd,14.26,295
30909,Großdietmanns,22.55,228
30910,Bad Großpertholz,29.15,230
30912,Großschönau,24.68,115
30913,Moorbad Harbach,35.22,131
30915,Haugschlag,18.57,65
30916,Heidenreichstein,18.47,361
30917,Hirschbach,21.17,76
30920,Hoheneich,12.65,92
30921,Kirchberg am Walde,30.4,183
30925,Litschau,25.86,360
30929,Reingers,26.89,89
30932,St. Martin,33.14,168
30935,Schrems,17,405
30939,Unserfrau-Altweitra,24.2,114
30940,Waldenstein,24.83,142
30942,Weitra,36.64,439
31001,Alberndorf im Pulkautal,15.68,66
31008,Göllersdorf,14.92,217
31009,Grabern,23.18,182
31014,Guntersdorf,24.58,146
31015,Hadres,36.26,384
31016,Hardegg,35.67,336
31018,Haugsdorf,36.6,332
31019,Heldenberg,21.16,146
31021,Hohenwarth-Mühlbach a.M.,26.27,207
31022,Hollabrunn,20.16,1025
31025,Mailberg,43.23,166
31026,Maissau,23.49,257
31028,Nappersdorf-Kammersdorf,28.98,211
31033,Pernersdorf,43.8,293
31035,Pulkau,44.17,390
31036,Ravelsbach,30.44,249
31037,Retz,31.56,642
31038,Retzbach,50.42,356
31041,Schrattenthal,33.07,169
31042,Seefeld-Kadolz,27.76,181
31043,Sitzendorf an der Schmida,23.04,270
31051,Wullersdorf,28.23,369
31052,Zellerndorf,33.8,462
31053,Ziersdorf,22.77,391
31101,Altenburg,26.4,104
31102,Brunn an der Wild,31.44,138
31103,Burgschleinitz-Kühnring,30.13,216
31104,Drosendorf-Zissersdorf,34.97,277
31105,Eggenburg,24.81,383
31106,Gars am Kamp,28.53,491
31107,Geras,31.93,257
31109,Horn,16.46,353
31110,Irnfritz-Messern,31.78,218
31111,Japons,38,133
31113,Langau,21.52,85
31114,Meiseldorf,30.64,148
31117,Pernegg,39.57,146
31119,Röhrenbach,47.29,122
31120,Röschitz,30.86,191
31121,Rosenburg-Mold,27.59,133
31123,St. Bernhard-Frauenhofen,24.26,140
31124,Sigmundsherberg,25.98,212
31129,Weitersfeld,21.28,179
31130,Straning-Grafenberg,43.21,194
31201,Bisamberg,8.22,164
31202,Enzersfeld im Weinviertel,6.05,54
31203,Ernstbrunn,19.67,331
31204,Großmugl,15.61,133
31205,Großrußbach,15.16,171
31206,Hagenbrunn,4.46,55
31207,Harmannsdorf,11.42,240
31208,Hausleiten,10.29,173
31213,Korneuburg,11.79,361
31214,Langenzersdorf,8.43,291
31215,Leitzersdorf,13.01,79
31216,Leobendorf,7.04,164
31224,Rußbach,12.05,80
31226,Sierndorf,13.38,241
31227,Spillern,5.01,42
31228,Stetteldorf am Wagram,26.95,138
31229,Stetten,8.22,53
31230,Stockerau,10.49,525
31234,Niederhollabrunn,17.28,146
31235,Gerasdorf bei Wien,3.88,217
31301,Aggsbach,18.68,71
31302,Albrechtsberg an der Großen Krems,18.26,88
31303,Bergern im Dunkelsteinerwald,11.89,73
31304,Dürnstein,28.48,127
31308,Grafenegg,19.67,290
31309,Furth bei Göttweig,13.75,168
31310,Gedersdorf,11.07,102
31311,Gföhl,23.05,393
31315,Hadersdorf-Kammern,17.97,138
31319,Jaidhof,28.88,149
31321,Krumau am Kamp,26.13,144
31322,Langenlois,27.63,844
31323,Lengenfeld,18.67,124
31324,Lichtenau im Waldviertel,20.11,191
31326,Maria Laach am Jauerling,20.82,81
31327,Mautern an der Donau,11.53,126
31330,Mühldorf,18.35,118
31333,Paudorf,9.29,103
31336,Rastenfeld,18.78,151
31337,Rohrendorf bei Krems,7.67,68
31338,Rossatz-Arnsdorf,39.37,224
31340,St. Leonhard am Hornerwald,39.17,244
31343,Senftenberg,23.07,203
31344,Spitz,32.23,225
31346,Straß im Straßertale,24.13,195
31347,Stratzing,15.43,52
31350,Weinzierl am Walde,28.52,154
31351,Weißenkirchen in der Wachau,38.15,251
31355,Schönberg am Kamp,29.85,328
31356,Droß,11.39,46
31401,Annaberg,19.81,85
31402,Eschenau,9.81,47
31403,Hainfeld,18.91,222
31404,Hohenberg,28.11,192
31405,Kaumberg,18.13,93
31406,Kleinzell,23.19,96
31407,Lilienfeld,18.93,174
31408,Mitterbach am Erlaufsee,15.65,54
31409,Ramsau,19.35,72
31410,Rohrbach an der Gölsen,9.92,59
31411,St. Aegyd am Neuwalde,16.3,162
31412,St. Veit an der Gölsen,14.52,205
31413,Traisen,11.98,107
31414,Türnitz,26.59,251
31502,Artstetten-Pöbring,15.5,73
31503,Bergland,22.37,149
31504,Bischofstetten,13.43,56
31505,Blindenmarkt,6.27,58
31506,Dorfstetten,5.45,12
31507,Dunkelsteinerwald,15.24,162
31508,Erlauf,20.95,79
31509,Golling an der Erlauf,7.49,32
31511,Hofamt Priel,5.58,39
31513,Hürm,11.88,91
31514,Kilb,16.09,158
31515,Kirnberg an der Mank,15.91,56
31516,Klein-Pöchlarn,12.22,49
31517,Krummnußbaum,8.33,49
31519,Leiben,15.58,81
31520,Loosdorf,11.29,143
31521,Mank,20.04,199
31522,Marbach an der Donau,12.36,86
31523,Maria Taferl,20.51,72
31524,Melk,15.5,259
31525,Münichreith-Laimbach,10.71,65
31527,Neumarkt an der Ybbs,7.23,53
31528,Nöchling,12.46,41
31530,Persenbeug-Gottsdorf,7.67,67
31531,Petzenkirchen,6.9,35
31533,Pöchlarn,7.72,97
31534,Pöggstall,19.02,197
31535,Raxendorf,13.94,58
31537,Ruprechtshofen,10.07,73
31539,St. Leonhard am Forst,19.78,213
31540,St. Martin-Karlsbach,11.87,66
31541,St. Oswald,15.6,51
31542,Schönbühel-Aggsbach,27.1,126
31543,Schollach,9.3,41
31546,Weiten,15.87,70
31549,Ybbs an der Donau,14.42,270
31550,Zelking-Matzleinsdorf,16.36,81
31551,Texingtal,8.22,44
31552,Yspertal,13.36,101
31553,Emmersdorf an der Donau,22.84,161
31601,Altlichtenwarth,30.1,152
31603,Asparn an der Zaya,22.76,221
31604,Bernhardsthal,31.07,362
31605,Bockfließ,24.69,180
31606,Drasenhofen,45.11,355
31608,Falkenstein,19.48,60
31609,Fallbach,19.11,90
31611,Gaubitsch,13.82,63
31612,Gaweinstal,20.35,405
31613,Gnadendorf,18.59,134
31614,Großebersdorf,15.94,206
31615,Großengersdorf,13.2,102
31616,Großharras,40.58,293
31617,Großkrut,26.15,262
31620,Hausbrunn,32.29,207
31621,Herrnbaumgarten,25.17,148
31622,Hochleithen,23.21,149
31627,Kreuttal,20.59,168
31628,Kreuzstetten,15.74,136
31629,Laa an der Thaya,16.24,465
31630,Ladendorf,18.85,240
31633,Mistelbach,13.46,654
31634,Neudorf im Weinviertel,21.34,153
31636,Niederleis,24.45,122
31642,Pillichsdorf,15.8,94
31644,Poysdorf,22.65,675
31645,Rabensburg,23.45,155
31646,Schrattenberg,26.97,147
31649,Staatz,22.35,240
31650,Stronsdorf,25.08,224
31651,Ulrichskirchen-Schleinbach,22.51,303
31652,Unterstinkenbrunn,19.16,55
31653,Wildendürnbach,18.41,157
31654,Wilfersdorf,15.84,172
31655,Wolkersdorf im Weinviertel,14.17,407
31658,Ottenthal,24.32,71
31701,Achau,7.58,40
31702,Biedermannsdorf,4.75,45
31703,Breitenfurt bei Wien,3.53,99
31704,Brunn am Gebirge,7.8,271
31706,Gaaden,15.77,112
31707,Gießhübl,13.56,120
31709,Gumpoldskirchen,27.19,341
31710,Guntramsdorf,7.03,202
31711,Hennersdorf,5.87,37
31712,Hinterbrühl,22.95,350
31713,Kaltenleutgeben,17.86,180
31714,Laab im Walde,8.3,39
31715,Laxenburg,11.43,101
31716,Maria Enzersdorf,14,326
31717,Mödling,28.98,1158
31718,Münchendorf,3.15,49
31719,Perchtoldsdorf,12.56,650
31723,Vösendorf,3.82,73
31725,Wiener Neudorf,6.54,136
31726,Wienerwald,13.31,167
31801,Altendorf,12.08,18
31802,Aspang-Markt,18.43,134
31803,Aspangberg-St. Peter,18.8,169
31804,Breitenau,11.09,68
31805,Breitenstein,31.65,100
31806,Buchbach,21.67,39
31807,Edlitz,13.04,42
31808,Enzenreith,9.89,91
31809,Feistritz am Wechsel,16.77,82
31810,Gloggnitz,17.61,377
31811,Grafenbach-St. Valentin,12.14,111
31812,Grimmenstein,11.11,58
31813,Grünbach am Schneeberg,9.89,74
31814,Kirchberg am Wechsel,20,213
31815,Mönichkirchen,12.99,50
31817,Natschbach-Loipersbach,4.28,30
31818,Neunkirchen,19.66,751
31820,Otterthal,12.39,29
31821,Payerbach,28.76,298
31823,Pitten,18.61,209
31825,Prigglitz,21.59,57
31826,Puchberg am Schneeberg,12.25,171
31827,Raach am Hochgebirge,20.56,37
31829,Reichenau an der Rax,29.1,447
31830,St. Corona am Wechsel,8.38,16
31831,St. Egyden am Steinfeld,12.41,115
31832,Scheiblingkirchen-Thernberg,19.25,154
31833,Schottwien,26.26,73
31834,Schrattenbach,15.1,29
31835,Schwarzau am Steinfeld,8.79,71
31836,Schwarzau im Gebirge,36.41,150
31837,Seebenstein,17.48,118
31838,Semmering,28.57,92
31839,Ternitz,9.8,530
31840,Thomasberg,18,83
31841,Trattenbach,27.16,66
31842,Bürg-Vöstenhof,20,19
31843,Warth,15.94,120
31844,Wartmannstetten,12.96,92
31845,Willendorf,12.2,60
31846,Wimpassing im Schwarzatale,19,91
31847,Würflach,12.41,91
31848,Zöbern,10.73,59
31849,Höflein an der Hohen Wand,9,37
31901,Altlengbach,16.62,215
31902,Asperhofen,14.41,135
31903,Böheimkirchen,14.43,264
31904,Brand-Laaben,24.8,155
31905,Eichgraben,7.15,171
31906,Frankenfels,11.9,79
31907,Gerersdorf,9.28,35
31909,Hofstetten-Grünau,9.98,90
31910,Hafnerbach,12.2,77
31911,Haunoldstein,10.72,46
31912,Herzogenburg,13.98,394
31913,Inzersdorf-Getzersdorf,17.49,106
31915,Kapelln,11.27,63
31916,Karlstetten,8.94,78
31917,Kasten bei Böheimkirchen,19.19,109
31918,Kirchberg an der Pielach,12.12,140
31919,Kirchstetten,14.49,124
31920,Loich,26.75,65
31921,Maria Anzbach,13.52,199
31922,Markersdorf-Haindorf,10.55,78
31923,Michelbach,22.83,79
31925,Neidling,10.33,62
31926,Neulengbach,14.09,494
31927,Neustift-Innermanzing,10.26,70
31928,Nußdorf ob der Traisen,11.25,87
31929,Ober-Grafendorf,10.97,156
31930,Obritzberg-Rust,11.25,98
31932,Prinzersdorf,6.61,38
31934,Pyhra,16.14,214
31935,Rabenstein an der Pielach,15.14,134
31938,St. Margarethen an der Sierning,8.59,34
31939,Schwarzenbach an der Pielach,18.5,32
31940,Statzendorf,6.71,34
31941,Stössing,27.95,109
31943,Traismauer,9.61,209
31945,Weinburg,6.89,33
31946,Perschling,12.42,77
31947,Wilhelmsburg,17.16,329
31948,Wölbling,11.95,113
31949,Gablitz,5.72,125
31950,Mauerbach,4.18,69
31951,Pressbaum,12.3,407
31952,Purkersdorf,11.95,286
31953,Tullnerbach,13.7,156
31954,Wolfsgraben,7.49,64
32001,Gaming,21.95,301
32002,Göstling an der Ybbs,22.66,189
32003,Gresten,12.85,88
32004,Gresten-Land,8.76,43
32005,Lunz am See,20.17,171
32006,Oberndorf an der Melk,7.95,69
32007,Puchenstuben,31.25,60
32008,Purgstall an der Erlauf,8.79,162
32009,Randegg,8.44,51
32010,Reinsberg,4.94,16
32011,St. Anton an der Jeßnitz,20.8,83
32012,St. Georgen an der Leys,11.28,44
32013,Scheibbs,20.11,281
32014,Steinakirchen am Forst,17.05,125
32015,Wang,12.31,49
32016,Wieselburg,9.7,108
32017,Wieselburg-Land,10.87,120
32018,Wolfpassing,8.47,47
32101,Absdorf,12.75,109
32104,Atzenbrugg,9.95,135
32106,Fels am Wagram,15.89,177
32107,Grafenwörth,13.84,207
32109,Großriedenthal,19.74,91
32110,Großweikersdorf,16.77,244
32112,Judenau-Baumgarten,8.82,88
32114,Kirchberg am Wagram,18.62,307
32115,Königsbrunn am Wagram,22.1,143
32116,Königstetten,9,97
32119,Langenrohr,3.15,32
32120,Michelhausen,8.43,119
32131,Sieghartskirchen,9.07,315
32132,Sitzenberg-Reidling,12.1,118
32134,Tulbing,7.41,114
32135,Tulln an der Donau,7.08,402
32139,Würmla,6.53,44
32140,Zeiselmauer-Wolfpassing,13.99,175
32141,Zwentendorf an der Donau,9.07,143
32142,St. Andrä-Wördern,10.26,426
32143,Muckendorf-Wipfing,5.38,47
32144,Klosterneuburg,15.32,1746
32202,Dietmanns,22.14,118
32203,Dobersberg,25.22,203
32206,Gastern,28.5,175
32207,Groß-Siegharts,36.55,485
32209,Karlstein an der Thaya,34.32,279
32210,Kautzen,30.63,204
32212,Ludweis-Aigen,46.92,244
32214,Pfaffenschlag bei Waidhofen a.d.Thaya,30.89,143
32216,Raabs an der Thaya,35.41,641
32217,Thaya,30.18,220
32219,Vitis,23.93,341
32220,Waidhofen an der Thaya,17.63,401
32221,Waidhofen an der Thaya-Land,22.46,117
32222,Waldkirchen an der Thaya,48.15,156
32223,Windigsteig,28.66,143
32301,Bad Fischau-Brunn,11.71,185
32302,Bad Schönau,7.07,21
32304,Ebenfurth,10.19,121
32305,Eggendorf,2.53,59
32306,Bad Erlach,11.24,115
32307,Felixdorf,6.43,96
32308,Gutenstein,29.67,189
32309,Hochneukirchen-Gschaidt,11.72,75
32310,Hochwolkersdorf,15.55,72
32311,Hohe Wand,8.86,67
32312,Hollenthon,13.58,58
32313,Katzelsdorf,4.2,55
32314,Kirchschlag in der Buckligen Welt,9.65,108
32315,Krumbach,9.32,90
32316,Lanzenkirchen,9.47,158
32317,Lichtenegg,11.56,52
32318,Lichtenwörth,12.56,148
32319,Markt Piesting,12.93,151
32320,Matzendorf-Hölles,3.13,30
32321,Miesenbach,29.57,97
32322,Muggendorf,22.26,59
32323,Pernitz,11.3,111
32324,Rohr im Gebirge,19.86,55
32325,Bromberg,15.77,76
32326,Schwarzenbach,14.07,64
32327,Sollenau,7.15,146
32330,Theresienfeld,4.7,66
32331,Waidmannsfeld,10.69,70
32332,Waldegg,23.51,237
32333,Walpersbach,12.53,62
32334,Weikersdorf am Steinfelde,7.66,35
32335,Wiesmath,15.09,97
32336,Winzendorf-Muthmannsdorf,8.38,73
32337,Wöllersdorf-Steinabrückl,10.42,207
32338,Zillingdorf,4.12,49
32501,Allentsteig,21.11,201
32502,Arbesbach,7.73,46
32503,Bärnkopf,11.88,19
32504,Echsenbach,17.86,100
32505,Göpfritz an der Wild,24.94,214
32506,Grafenschlag,10.66,42
32508,Groß Gerungs,20.84,381
32509,Großgöttfritz,12.83,69
32511,Gutenbrunn,11.76,28
32514,Kirchschlag,11.23,31
32515,Kottes-Purk,16.49,109
32516,Langschlag,17.51,132
32517,Martinsberg,8.44,40
32518,Ottenschlag,11.26,58
32519,Altmelon,9.48,33
32520,Pölla,45.41,267
32521,Rappottenstein,16.56,132
32522,Sallingberg,16.92,99
32523,Schönbach,15.45,55
32524,Schwarzenau,22.07,162
32525,Schweiggers,17.92,148
32528,Bad Traunstein,13.46,58
32529,Waldhausen,17.93,116
32530,Zwettl-Niederösterreich,18.17,809
40101,Linz,9.75,2336
40201,Steyr,19.7,1417
40301,Wels,7.06,796
40401,Altheim,8.69,156
40402,Aspach,9.73,96
40403,Auerbach,9.71,30
40404,Braunau am Inn,9.75,429
40405,Burgkirchen,11.51,116
40406,Eggelsberg,12.41,118
40407,Feldkirchen bei Mattighofen,13.84,112
40408,Franking,9.46,35
40409,Geretsberg,15.7,73
40410,Gilgenberg am Weilhart,18.09,91
40411,Haigermoos,16.73,42
40412,Handenberg,15.94,84
40413,Helpfau-Uttendorf,12.91,174
40414,Hochburg-Ach,10.06,130
40415,Höhnhart,8.5,52
40416,Jeging,9.12,27
40417,Kirchberg bei Mattighofen,10.83,55
40418,Lengau,11.18,192
40419,Lochen am See,8.33,110
40420,Maria Schmolln,13.37,69
40421,Mattighofen,7.27,131
40422,Mauerkirchen,14.63,122
40423,Mining,10.58,58
40424,Moosbach,12.56,52
40425,Moosdorf,10.86,68
40426,Munderfing,9.88,106
40427,Neukirchen an der Enknach,12.33,107
40428,Ostermiething,7.1,105
40429,Palting,9.11,44
40430,Perwang am Grabensee,3.61,15
40431,Pfaffstätt,9.15,44
40432,Pischelsdorf am Engelbach,16.24,109
40433,Polling im Innkreis,13.02,53
40434,Roßbach,14.21,53
40435,St. Georgen am Fillmannsbach,20.48,34
40436,St. Johann am Walde,4.67,36
40437,St. Pantaleon,5.7,61
40438,St. Peter am Hart,9.94,102
40439,St. Radegund,9.33,25
40440,St. Veit im Innkreis,10.46,16
40441,Schalchen,7.15,109
40442,Schwand im Innkreis,18.46,72
40443,Tarsdorf,5.17,39
40444,Treubach,6.42,19
40445,Überackern,11.11,34
40446,Weng im Innkreis,11.99,71
40501,Alkoven,8.47,182
40502,Aschach an der Donau,20.06,140
40503,Eferding,17.06,150
40504,Fraham,8.36,71
40505,Haibach ob der Donau,6.54,32
40506,Hartkirchen,7.45,103
40507,Hinzenbach,8.49,62
40508,Prambachkirchen,11.93,118
40509,Pupping,5.34,35
40510,St. Marienkirchen an der Polsenz,9.56,82
40511,Scharten,12.29,101
40512,Stroheim,6.98,39
40601,Freistadt,12.73,280
40602,Grünbach,9.87,60
40603,Gutau,13.75,125
40604,Hagenberg im Mühlkreis,8,78
40605,Hirschbach im Mühlkreis,23.17,98
40606,Kaltenberg,7.26,13
40607,Kefermarkt,11.61,86
40608,Königswiesen,8.5,85
40609,Lasberg,11.85,114
40610,Leopoldschlag,28.21,110
40611,Liebenau,8.62,56
40612,Neumarkt im Mühlkreis,19.67,212
40613,Pierbach,15.24,50
40614,Pregarten,8.82,137
40615,Rainbach im Mühlkreis,14.27,137
40616,Sandl,14.09,81
40617,St. Leonhard bei Freistadt,13.28,70
40618,St. Oswald bei Freistadt,19.53,198
40619,Schönau im Mühlkreis,12.69,82
40620,Tragwein,14.69,146
40621,Unterweißenbach,6.41,46
40622,Unterweitersdorf,4.68,35
40623,Waldburg,15.25,77
40624,Wartberg ob der Aist,9.73,138
40625,Weitersfelden,26.56,111
40626,Windhaag bei Freistadt,19.03,106
40627,Bad Zell,15.09,139
40701,Altmünster,13.38,461
40702,Bad Goisern am Hallstättersee,19.36,572
40703,Bad Ischl,22.27,981
40704,Ebensee am Traunsee,18.09,441
40705,Gmunden,23.24,778
40706,Gosau,18.86,146
40707,Grünau im Almtal,18.8,179
40708,Gschwandt,7.17,70
40709,Hallstatt,37.53,164
40710,Kirchham,18.62,143
40711,Laakirchen,9.64,257
40712,Obertraun,8.62,40
40713,Ohlsdorf,8.8,163
40714,Pinsdorf,5.84,77
40715,Roitham am Traunfall,15.56,108
40716,St. Konrad,7.69,29
40717,St. Wolfgang im Salzkammergut,17.95,198
40718,Traunkirchen,17.14,134
40719,Scharnstein,14.19,267
40720,Vorchdorf,14.46,352
40801,Aistersheim,11.42,37
40802,Bad Schallerbach,3.94,42
40804,Eschenau im Hausruckkreis,16.87,55
40805,Gallspach,5.93,46
40806,Gaspoltshofen,21.26,267
40807,Geboltskirchen,16.28,91
40808,Grieskirchen,10.91,160
40809,Haag am Hausruck,14.34,119
40810,Heiligenberg,23.18,54
40811,Hofkirchen an der Trattnach,10,63
40812,Kallham,12.23,113
40813,Kematen am Innbach,18.46,89
40814,Meggenhofen,13.53,69
40815,Michaelnbach,12.5,58
40816,Natternbach,7.64,62
40817,Neukirchen am Walde,14.83,89
40818,Neumarkt im Hausruckkreis,12.4,64
40820,Pötting,13.02,25
40821,Pollham,17.73,61
40822,Pram,22.32,146
40823,Rottenbach,19.37,80
40824,St. Agatha,7.76,55
40825,St. Georgen bei Grieskirchen,14.71,64
40826,St. Thomas,6.53,13
40827,Schlüßlberg,11.67,129
40828,Steegen,11.47,43
40829,Taufkirchen an der Trattnach,12.8,100
40830,Tollet,9.88,32
40831,Waizenkirchen,13.75,172
40832,Wallern an der Trattnach,6.42,72
40833,Weibern,14.1,87
40834,Wendling,14.61,45
40835,Peuerbach,15.14,254
40901,Edlbach,9.64,24
40902,Grünburg,25.21,330
40903,Hinterstoder,13.01,86
40904,Inzersdorf im Kremstal,18.66,120
40905,Kirchdorf an der Krems,13.34,129
40906,Klaus an der Pyhrnbahn,24.95,123
40907,Kremsmünster,15.66,308
40908,Micheldorf in Oberösterreich,13.45,254
40909,Molln,18.17,236
40910,Nußbach,12.13,94
40911,Oberschlierbach,21.43,39
40912,Pettenbach,13.74,290
40913,Ried im Traunkreis,16.12,142
40914,Rosenau am Hengstpaß,13.07,43
40915,Roßleithen,12.4,92
40916,St. Pankraz,20.39,31
40917,Schlierbach,13.14,126
40918,Spital am Pyhrn,19.52,178
40919,Steinbach am Ziehberg,34.11,102
40920,Steinbach an der Steyr,6.61,45
40921,Vorderstoder,14.78,64
40922,Wartberg an der Krems,13.75,121
40923,Windischgarsten,11.93,99
41001,Allhaming,14.89,63
41002,Ansfelden,4.55,172
41003,Asten,2.91,40
41004,Eggendorf im Traunkreis,17.28,70
41005,Enns,15.55,419
41006,Hargelsberg,17.15,88
41007,Hörsching,6.27,115
41008,Hofkirchen im Traunkreis,10.16,65
41009,Kematen an der Krems,16.07,144
41010,Kirchberg-Thening,8.76,78
41011,Kronstorf,7.96,92
41012,Leonding,2.89,172
41013,St. Florian,12.38,246
41014,Neuhofen an der Krems,5.9,116
41015,Niederneukirchen,11.13,79
41016,Oftering,8.86,66
41017,Pasching,3.01,66
41018,Piberbach,8.93,57
41019,Pucking,4.45,66
41020,St. Marien,9.96,170
41021,Traun,3.63,197
41022,Wilhering,5.46,113
41101,Allerheiligen im Mühlkreis,17.94,75
41102,Arbing,9.32,52
41103,Baumgartenberg,9.81,57
41104,Dimbach,13.43,45
41105,Grein,14.2,141
41106,Katsdorf,5.55,60
41107,Klam,20.12,65
41108,Bad Kreuzen,20.09,131
41109,Langenstein,7.35,56
41110,Luftenberg an der Donau,4.86,61
41111,Mauthausen,12.44,170
41112,Mitterkirchen im Machland,12.1,71
41113,Münzbach,20.66,119
41114,Naarn im Machlande,15.62,192
41115,Pabneukirchen,14.78,77
41116,Perg,6.51,162
41117,Rechberg,14.15,46
41118,Ried in der Riedmark,11.2,158
41119,St. Georgen am Walde,7.73,50
41120,St. Georgen an der Gusen,7.38,78
41121,St. Nikola an der Donau,27.86,78
41122,St. Thomas am Blasenstein,12.84,43
41123,Saxen,15.4,79
41124,Schwertberg,11.27,173
41125,Waldhausen im Strudengau,9.46,87
41126,Windhaag bei Perg,15.68,74
41201,Andrichsfurt,15.04,40
41202,Antiesenhofen,16.01,61
41203,Aurolzmünster,12.68,146
41204,Eberschwang,18.09,221
41205,Eitzing,17.88,59
41206,Geiersberg,11.86,21
41207,Geinberg,12.78,69
41208,Gurten,16.96,76
41209,Hohenzell,12.18,104
41210,Kirchdorf am Inn,18.67,56
41211,Kirchheim im Innkreis,12.15,39
41212,Lambrechten,16.44,73
41213,Lohnsburg am Kobernaußerwald,9.85,80
41214,Mehrnbach,12.63,111
41215,Mettmach,10.59,98
41216,Mörschwang,35.04,41
41217,Mühlheim am Inn,18.34,53
41218,Neuhofen im Innkreis,7.74,71
41219,Obernberg am Inn,31.52,180
41220,Ort im Innkreis,17.55,76
41221,Pattigham,16.87,70
41222,Peterskirchen,17.52,48
41223,Pramet,17.89,66
41224,Reichersberg,20.78,134
41225,Ried im Innkreis,15.28,451
41226,St. Georgen bei Obernberg am Inn,22.89,46
41227,St. Marienkirchen am Hausruck,14.44,41
41228,St. Martin im Innkreis,16.49,112
41229,Schildorn,15.19,65
41230,Senftenbach,10.7,35
41231,Taiskirchen im Innkreis,11.01,100
41232,Tumeltsham,6.03,39
41233,Utzenaich,16.67,102
41234,Waldzell,13.09,102
41235,Weilbach,23.08,54
41236,Wippenham,16.81,38
41304,Altenfelden,10.26,76
41305,Arnreit,7.83,30
41306,Atzesberg,26.04,44
41307,Auberg,20.74,39
41309,Haslach an der Mühl,20.66,188
41311,Hörbich,17.52,24
41312,Hofkirchen im Mühlkreis,16.49,91
41313,Julbach,7.35,43
41314,Kirchberg ob der Donau,10.35,41
41315,Klaffer am Hochficht,13.16,72
41316,Kleinzell im Mühlkreis,4.26,24
41317,Kollerschlag,13.97,70
41318,Lembach im Mühlkreis,13.25,71
41319,Lichtenau im Mühlkreis,23.86,42
41320,Nebelberg,4.93,11
41321,Neufelden,18.57,88
41322,Niederkappel,9.64,32
41323,Niederwaldkirchen,12.29,81
41324,Oberkappel,22.1,59
41325,Oepping,9.96,53
41326,Peilstein im Mühlviertel,27.38,161
41327,Pfarrkirchen im Mühlkreis,14.59,75
41328,Putzleinsdorf,5.26,27
41329,Neustift im Mühlkreis,10.02,50
41331,St. Johann am Wimberg,13.64,51
41332,St. Martin im Mühlkreis,7.78,99
41333,St. Oswald bei Haslach,22.65,41
41334,St. Peter am Wimberg,10.52,59
41336,St. Ulrich im Mühlkreis,8.47,21
41337,St. Veit im Mühlkreis,14.04,72
41338,Sarleinsbach,24.53,184
41341,Schwarzenberg am Böhmerwald,21.41,70
41342,Ulrichsberg,23.06,253
41343,Aigen-Schlägl,21.97,268
41344,Rohrbach-Berg,10.53,168
41345,Helfenberg,15.65,100
41346,St. Stefan-Afiesl,16.47,71
41401,Altschwendt,17.34,43
41402,Andorf,13.93,238
41403,Brunnenthal,8.85,66
41404,Diersbach,16.4,92
41405,Dorf an der Pram,14,57
41406,Eggerding,14.31,72
41407,Engelhartszell,16.55,68
41408,Enzenkirchen,7.82,52
41409,Esternberg,6.64,61
41410,Freinberg,9.93,57
41411,Kopfing im Innkreis,6.87,52
41412,Mayrhof,13.68,13
41413,Münzkirchen,8.76,75
41414,Raab,18.42,170
41415,Rainbach im Innkreis,8.37,42
41416,Riedau,14.98,114
41417,St. Aegidi,8.3,44
41418,St. Florian am Inn,8.68,99
41419,St. Marienkirchen bei Schärding,13.32,97
41420,St. Roman,7.48,41
41421,St. Willibald,10.47,47
41422,Schärding,23.96,353
41423,Schardenberg,9.07,79
41424,Sigharting,7.23,25
41425,Suben,9.58,46
41426,Taufkirchen an der Pram,14.64,149
41427,Vichtenstein,11.81,30
41428,Waldkirchen am Wesen,14.76,71
41429,Wernstein am Inn,12.57,70
41430,Zell an der Pram,16.62,120
41501,Adlwang,10.97,76
41502,Aschach an der Steyr,10.45,82
41503,Bad Hall,10.17,165
41504,Dietach,10.11,115
41505,Gaflenz,8.08,51
41506,Garsten,16.06,310
41507,Großraming,12.32,111
41508,Laussa,14.86,66
41509,Losenstein,22.87,129
41510,Maria Neustift,15.13,69
41511,Pfarrkirchen bei Bad Hall,13.67,101
41512,Reichraming,12.75,77
41513,Rohr im Kremstal,8.07,36
41514,St. Ulrich bei Steyr,10.7,114
41515,Schiedlberg,31.84,156
41516,Sierning,14.18,484
41517,Ternberg,14.87,174
41518,Waldneukirchen,16.84,129
41521,Wolfern,12.72,153
41522,Weyer,22.18,327
41601,Alberndorf in der Riedmark,8.98,131
41602,Altenberg bei Linz,5.78,86
41603,Bad Leonfelden,14.14,181
41604,Eidenberg,4.27,36
41605,Engerwitzdorf,4.54,127
41606,Feldkirchen an der Donau,6.37,120
41607,Gallneukirchen,5.61,91
41608,Goldwörth,4.53,13
41609,Gramastetten,4.11,68
41610,Haibach im Mühlkreis,8.24,31
41611,Hellmonsödt,6.78,54
41612,Herzogsdorf,6.35,62
41613,Kirchschlag bei Linz,6.24,51
41614,Lichtenberg,2.82,28
41615,Oberneukirchen,13.73,169
41616,Ottenschlag im Mühlkreis,14.83,31
41617,Ottensheim,11.28,140
41618,Puchenau,2.06,31
41619,Reichenau im Mühlkreis,7.98,40
41620,Reichenthal,9.48,53
41621,St. Gotthard im Mühlkreis,11.27,55
41622,Schenkenfelden,15.37,91
41623,Sonnberg im Mühlkreis,4.79,19
41624,Steyregg,6.11,96
41626,Walding,4,55
41627,Zwettl an der Rodl,11.17,63
41628,Vorderweißenbach,16.01,151
41701,Ampflwang im Hausruckwald,4.31,50
41702,Attersee am Attersee,9.32,80
41703,Attnang-Puchheim,8.18,181
41704,Atzbach,25.06,104
41705,Aurach am Hongar,4.42,30
41706,Berg im Attergau,12.73,49
41707,Desselbrunn,12.57,85
41708,Fornach,8.17,29
41709,Frankenburg am Hausruck,8.81,155
41710,Frankenmarkt,13.89,170
41711,Gampern,11.75,124
41712,Innerschwand am Mondsee,8.5,42
41713,Lenzing,3.22,50
41714,Manning,22.58,63
41715,Mondsee,14.78,138
41716,Neukirchen an der Vöckla,11.05,97
41717,Niederthalheim,30,111
41718,Nußdorf am Attersee,8.24,68
41719,Oberhofen am Irrsee,8.28,52
41720,Oberndorf bei Schwanenstadt,11.65,58
41721,Oberwang,15.47,88
41722,Ottnang am Hausruck,20.47,290
41723,Pfaffing,11.57,59
41724,Pilsbach,13.28,32
41725,Pitzenberg,15.54,30
41726,Pöndorf,7.68,69
41727,Puchkirchen am Trattberg,12.99,46
41728,Pühret,12.96,28
41729,Redleiten,7.43,13
41730,Redlham,7.89,48
41731,Regau,8.98,215
41732,Rüstorf,16.97,130
41733,Rutzenham,26.55,30
41734,St. Georgen im Attergau,8.16,116
41735,St. Lorenz,10.15,102
41736,Schlatt,13.79,71
41737,Schörfling am Attersee,11.58,156
41738,Schwanenstadt,13.16,143
41739,Seewalchen am Attersee,7,164
41740,Steinbach am Attersee,13.33,86
41741,Straß im Attergau,10.48,59
41742,Tiefgraben,5.78,80
41743,Timelkam,8.21,144
41744,Ungenach,16.73,88
41745,Unterach am Attersee,19.31,162
41746,Vöcklabruck,8.75,245
41747,Vöcklamarkt,13.18,217
41748,Weißenkirchen im Attergau,15.32,57
41749,Weyregg am Attersee,13.64,108
41750,Wolfsegg am Hausruck,22.29,154
41751,Zell am Moos,7.85,49
41752,Zell am Pettenfirst,17.08,75
41801,Aichkirchen,16.28,35
41802,Bachmanning,19.38,50
41803,Bad Wimsbach-Neydharting,19.93,179
41804,Buchkirchen,11.27,177
41805,Eberstalzell,12.65,107
41806,Edt bei Lambach,9.23,79
41807,Fischlham,14.69,77
41808,Gunskirchen,6.79,148
41809,Holzhausen,13.46,49
41810,Krenglbach,5.43,64
41811,Lambach,19.75,207
41812,Marchtrenk,2.52,113
41813,Neukirchen bei Lambach,14.86,55
41814,Offenhausen,15.1,87
41815,Pennewang,21.45,80
41816,Pichl bei Wels,15.74,164
41817,Sattledt,5.19,42
41818,Schleißheim,10.52,49
41819,Sipbachzell,10.61,78
41820,Stadl-Paura,8.36,130
41821,Steinerkirchen an der Traun,20.05,151
41822,Steinhaus,14.91,126
41823,Thalheim bei Wels,7.73,122
41824,Weißkirchen an der Traun,6.37,78
50101,Salzburg,10.08,2211
50201,Abtenau,11.14,203
50202,Adnet,9.99,129
50203,Annaberg-Lungötz,7.77,68
50204,Golling an der Salzach,10.27,120
50205,Hallein,12.34,488
50206,Krispl,15.41,57
50207,Kuchl,5.18,107
50208,Oberalm,6.24,72
50209,Puch bei Hallein,4.36,57
50210,Rußbach am Paß Gschütt,12.58,41
50211,St. Koloman,7.08,45
50212,Scheffau am Tennengebirge,7.47,39
50213,Bad Vigaun,6.59,39
50301,Anif,8.03,93
50302,Anthering,4.42,48
50303,Bergheim,4.23,64
50304,Berndorf bei Salzburg,8.64,54
50305,Bürmoos,2.26,33
50306,Dorfbeuern,13.04,72
50307,Ebenau,9.42,50
50308,Elixhausen,2.43,24
50309,Elsbethen,4.84,72
50310,Eugendorf,3.88,78
50311,Faistenau,9.89,101
50312,Fuschl am See,4.38,22
50313,Göming,5.73,15
50314,Grödig,6.83,106
50315,Großgmain,9.6,70
50316,Hallwang,4.24,54
50317,Henndorf am Wallersee,7.12,108
50318,Hintersee,12.57,23
50319,Hof bei Salzburg,4.98,53
50320,Köstendorf,10.47,93
50321,Koppl,4.11,48
50322,Lamprechtshausen,5.25,69
50323,Mattsee,8.42,101
50324,Neumarkt am Wallersee,7.88,145
50325,Nußdorf am Haunsberg,6.21,52
50326,Oberndorf bei Salzburg,12.07,162
50327,Obertrum am See,4.19,57
50328,Plainfeld,4.62,18
50329,St. Georgen bei Salzburg,6.87,76
50330,St. Gilgen,16.3,261
50331,Schleedorf,3.84,14
50332,Seeham,6.97,47
50335,Straßwalchen,7.84,180
50336,Strobl,11.54,163
50337,Thalgau,6.9,138
50338,Wals-Siezenheim,3.68,118
50339,Seekirchen am Wallersee,4.63,145
50401,Altenmarkt im Pongau,5.07,61
50402,Bad Hofgastein,6.15,114
50403,Bad Gastein,15.22,202
50404,Bischofshofen,9.31,175
50405,Dorfgastein,8.64,50
50406,Eben im Pongau,5.39,39
50407,Filzmoos,6.12,33
50408,Flachau,6.2,73
50409,Forstau,5.46,13
50410,Goldegg,8.44,77
50411,Großarl,3.9,42
50412,Hüttau,11.04,55
50413,Hüttschlag,14.29,50
50414,Kleinarl,5.06,18
50415,Mühlbach am Hochkönig,12.5,67
50416,Pfarrwerfen,11.87,89
50417,Radstadt,10.31,143
50418,St. Johann im Pongau,5.51,128
50419,St. Martin am Tennengebirge,6.25,38
50420,St. Veit im Pongau,7.33,77
50421,Schwarzach im Pongau,6.6,39
50422,Untertauern,7.81,21
50423,Wagrain,6.76,75
50424,Werfen,14.67,120
50425,Werfenweng,7.95,29
50501,Göriach,9.76,12
50502,Lessach,14.43,29
50503,Mariapfarr,6.33,56
50504,Mauterndorf,12.96,88
50505,Muhr,10.95,23
50506,Ramingstein,16.95,79
50507,St. Andrä im Lungau,8.01,23
50508,St. Margarethen im Lungau,5.78,17
50509,St. Michael im Lungau,8.93,109
50510,Tamsweg,7.97,135
50511,Thomatal,14.97,25
50512,Tweng,3.5,5
50513,Unternberg,6.55,23
50514,Weißpriach,4.65,8
50515,Zederhaus,7.29,29
50601,Bramberg am Wildkogel,4.05,57
50602,Bruck an der Großglocknerstraße,7.91,105
50603,Dienten am Hochkönig,12,39
50604,Fusch an der Großglocknerstraße,9.56,26
50605,Hollersbach im Pinzgau,7.69,34
50606,Kaprun,3.22,31
50607,Krimml,8.75,47
50608,Lend,15.4,63
50609,Leogang,11.14,132
50610,Lofer,11.25,79
50611,Maishofen,7,68
50612,Maria Alm am Steinernen Meer,6.3,70
50613,Mittersill,8.71,139
50614,Neukirchen am Großvenediger,4.97,52
50615,Niedernsill,5.95,58
50616,Piesendorf,7.34,98
50617,Rauris,9.34,101
50618,Saalbach-Hinterglemm,4.53,62
50619,Saalfelden am Steinernen Meer,7.94,313
50620,St. Martin bei Lofer,13.68,58
50621,Stuhlfelden,9.38,44
50622,Taxenbach,14.17,125
50623,Unken,10.76,85
50624,Uttendorf,6.65,63
50625,Viehhofen,6.01,14
50626,Wald im Pinzgau,3.79,30
50627,Weißbach bei Lofer,17.6,22
50628,Zell am See,4.67,124
60101,Graz,15.22,6550
60305,Frauental an der Laßnitz,9.62,115
60318,Lannach,8.4,116
60323,Pölfing-Brunn,33.13,215
60324,Preding,19.71,152
60326,Sankt Josef (Weststeiermark),14.31,93
60329,Sankt Peter im Sulmtal,13.11,67
60341,Wettmannstätten,13.97,94
60344,Deutschlandsberg,19.11,847
60345,Eibiswald,22.31,601
60346,Groß Sankt Florian,18.94,315
60347,Sankt Martin im Sulmtal,16.86,214
60348,Sankt Stefan ob Stainz,25.48,408
60349,Bad Schwanberg,20.92,391
60350,Stainz,20.14,714
60351,Wies,22.3,403
60608,Feldkirchen bei Graz,5.61,112
60611,Gössendorf,4.52,66
60613,Gratkorn,9.32,211
60617,Hart bei Graz,2.76,51
60618,Haselsdorf-Tobelbad,11.64,73
60619,Hausmannstätten,5.03,58
60623,Kainbach bei Graz,11.78,109
60624,Kalsdorf bei Graz,4.24,92
60626,Kumberg,9.84,144
60628,Laßnitzhöhe,10.24,99
60629,Lieboch,3.48,65
60632,Peggau,10.16,69
60639,Sankt Bartholomä,14.74,89
60641,Sankt Oswald bei Plankenwarth,16.56,80
60642,Sankt Radegund bei Graz,14.27,124
60645,Semriach,19.71,241
60646,Stattegg,7.87,88
60647,Stiwoll,13.89,40
60648,Thal,9.71,92
60651,Übelbach,19.54,144
60653,Vasoldsberg,8.93,158
60654,Weinitzen,9.22,94
60655,Werndorf,4.5,39
60656,Wundschuh,9.78,61
60659,Deutschfeistritz,17.39,252
60660,Dobl-Zwaring,14.99,207
60661,Eggersdorf bei Graz,11.93,309
60662,Fernitz-Mellach,8.18,141
60663,Frohnleiten,16.31,347
60664,Gratwein-Straßengel,10.06,423
60665,Hitzendorf,13.57,378
60666,Nestelbach bei Graz,15.43,171
60667,Raaba-Grambach,6.11,101
60668,Sankt Marein bei Graz,17.72,257
60669,Seiersberg-Pirka,2.98,114
60670,Premstätten,4.28,97
61001,Allerheiligen bei Wildon,17,93
61002,Arnfels,16.41,65
61007,Empersdorf,10.48,59
61008,Gabersdorf,16.35,77
61012,Gralla,6.19,53
61013,Großklein,21.44,203
61016,Heimschuh,12.87,101
61017,Hengsberg,13.68,80
61019,Kitzeck im Sausal,31.33,198
61020,Lang,16.04,89
61021,Lebring-Sankt Margarethen,11.63,104
61024,Oberhaag,24.29,206
61027,Ragnitz,9.7,62
61030,Sankt Andrä-Höch,27.48,216
61032,Sankt Johann im Saggautal,25.49,222
61033,Sankt Nikolai im Sausal,16.77,222
61043,Tillmitsch,5.6,77
61045,Wagna,5.92,113
61049,Ehrenhausen an der Weinstraße,20.89,220
61050,Gamlitz,15.08,185
61051,Gleinstätten,17.01,208
61052,Heiligenkreuz am Waasen,12.21,133
61053,Leibnitz,12.43,483
61054,Leutschach an der Weinstraße,22.58,339
61055,Sankt Georgen an der Stiefing,17.62,108
61057,Schwarzautal,14.79,135
61059,Wildon,13.73,277
61060,Sankt Veit in der Südsteiermark,16.37,284
61061,Straß in Steiermark,15.85,415
61101,Eisenerz,21.42,284
61105,Kalwang,33.6,124
61106,Kammern im Liesingtal,15.08,100
61107,Kraubath an der Mur,13.04,69
61108,Leoben,17.49,778
61109,Mautern in Steiermark,28.41,179
61110,Niklasdorf,10.86,68
61111,Proleb,6.88,41
61112,Radmer,25.77,67
61113,Sankt Michael in Obersteiermark,12.14,109
61114,Sankt Peter-Freienstein,8.94,78
61115,Sankt Stefan ob Leoben,17.24,130
61116,Traboch,8.73,48
61118,Vordernberg,46.92,183
61119,Wald am Schoberpaß,11.83,33
61120,Trofaiach,10.21,357
61203,Aigen im Ennstal,9.89,107
61204,Altaussee,34.93,394
61205,Altenmarkt bei Sankt Gallen,10,28
61206,Ardning,8.81,42
61207,Bad Aussee,29.26,621
61213,Gröbming,4.48,46
61215,Grundlsee,26.6,199
61217,Haus,11.34,121
61222,Lassing,9.51,56
61236,Ramsau am Dachstein,10.85,123
61243,Selzthal,16.01,90
61247,Trieben,11.97,118
61251,Wildalpen,27.24,85
61252,Wörschach,13.14,59
61253,Admont,18.94,371
61254,Aich,14.31,77
61255,Bad Mitterndorf,16.76,399
61256,Gaishorn am See,15.77,91
61257,Irdning-Donnersbachtal,15.01,259
61258,Landl,21.03,266
61259,Liezen,9.42,194
61260,Michaelerberg-Pruggern,17.78,104
61261,Mitterberg-Sankt Martin,11.78,98
61262,Öblarn,15.55,118
61263,Rottenmann,18.91,291
61264,Sankt Gallen,26.36,189
61265,Schladming,7.85,183
61266,Sölk,17.62,117
61267,Stainach-Pürgg,19.38,200
61410,Mühlen,21.63,77
61413,Niederwölz,14.73,33
61425,St. Peter am Kammersberg,17.28,136
61428,Schöder,20.42,77
61437,Krakau,11.57,64
61438,Murau,20.64,270
61439,Neumarkt in der Steiermark,19.7,398
61440,Oberwölz,16.31,234
61441,Ranten,14.79,63
61442,Sankt Georgen am Kreischberg,10.01,86
61443,Sankt Lambrecht,16.85,154
61444,Scheifling,15.12,129
61445,Stadl-Predlitz,14.76,163
61446,Teufenbach-Katsch,13.01,89
61611,Krottendorf-Gaisfeld,11.61,116
61612,Ligist,16.79,203
61615,Mooskirchen,17.01,139
61618,Rosental an der Kainach,2.57,15
61621,Sankt Martin am Wöllmißberg,19.76,67
61624,Stallhofen,14.5,177
61625,Voitsberg,9.11,287
61626,Bärnbach,4.89,100
61627,Edelschrott,11.9,111
61628,Geistthal-Södingberg,13.91,94
61629,Hirschegg-Pack,13.19,96
61630,Kainach bei Voitsberg,16.79,110
61631,Köflach,9.03,306
61632,Maria Lankowitz,20.42,236
61633,Söding-Sankt Johann,10.94,183
61701,Albersdorf-Prebuch,10.33,79
61708,Fischbach,16.81,95
61710,Floing,11.37,48
61711,Gasen,17.22,52
61716,Markt Hartmannsdorf,14.93,159
61719,Hofstätten an der Raab,7.4,59
61727,Ludersdorf-Wilfersdorf,8.17,76
61728,Miesenbach bei Birkfeld,2.92,7
61729,Mitterdorf an der Raab,13.29,103
61730,Mortantsch,7.61,57
61731,Naas,13.72,66
61740,Puch bei Weiz,14.75,118
61741,Ratten,11.86,46
61743,Rettenegg,21.74,70
61744,St. Kathrein am Hauenstein,17.16,46
61745,Sankt Kathrein am Offenegg,13.77,68
61746,St. Margarethen an der Raab,17.63,268
61748,Sinabelkirchen,10.84,165
61750,Strallegg,7.81,47
61751,Thannhausen,12.4,105
61756,Anger,10.28,152
61757,Birkfeld,11.45,194
61758,Fladnitz an der Teichalm,18.52,133
61759,Gersdorf an der Feistritz,22.04,136
61760,Gleisdorf,11.21,384
61761,Gutenberg,9.83,62
61762,Ilztal,12.72,107
61763,Passail,16.9,267
61764,Pischelsdorf am Kulm,17.16,236
61765,Sankt Ruprecht an der Raab,15.27,298
61766,Weiz,8.99,280
62007,Fohnsdorf,12.62,314
62008,Gaal,18.89,92
62010,Hohentauern,6.65,24
62014,Kobenz,8.76,65
62021,Pusterwald,30.3,60
62026,Sankt Georgen ob Judenburg,22.29,76
62032,Sankt Peter ob Judenburg,22.3,93
62034,Seckau,13.82,68
62036,Unzmarkt-Frauenburg,18.41,88
62038,Zeltweg,7.72,136
62039,Lobmingtal,12.82,96
62040,Judenburg,15.26,359
62041,Knittelfeld,15.68,414
62042,Obdach,16.59,262
62043,Pöls-Oberkurzheim,11.65,126
62044,Pölstal,25.27,277
62045,Sankt Marein-Feistritz,13.29,109
62046,Sankt Margarethen bei Knittelfeld,16.18,182
62047,Spielberg,5.4,95
62048,Weißkirchen in Steiermark,13.14,227
62105,Breitenau am Hochlantsch,11.69,72
62115,Krieglach,8.88,173
62116,Langenwang,12.71,161
62125,Pernegg an der Mur,15.57,144
62128,Sankt Lorenzen im Mürztal,6.75,91
62131,Spital am Semmering,16.5,179
62132,Stanz im Mürztal,20.49,160
62135,Turnau,16.85,110
62138,Aflenz,15.36,169
62139,Bruck an der Mur,10.54,411
62140,Kapfenberg,6.96,368
62141,Kindberg,14.22,366
62142,Mariazell,28.34,511
62143,Mürzzuschlag,17.68,391
62144,Neuberg an der Mürz,27.1,378
62145,Sankt Barbara im Mürztal,14.79,347
62146,Sankt Marein im Mürztal,9.2,85
62147,Thörl,16.76,148
62148,Tragöß-Sankt Katharein,19.06,159
62202,Bad Blumau,23.04,135
62205,Buch-St. Magdalena,16.03,135
62206,Burgau,20.55,98
62209,Ebersdorf,16.41,76
62211,Friedberg,11.1,109
62214,Greinbach,11.75,82
62216,Großsteinbach,15.02,76
62219,Hartberg,13.15,283
62220,Hartberg Umgebung,9.79,79
62226,Lafnitz,5.42,29
62232,Ottendorf an der Rittschein,13.74,86
62233,Pinggau,11.56,145
62235,Pöllauberg,9.35,69
62242,Sankt Jakob im Walde,11.81,47
62244,Sankt Johann in der Haide,7.96,63
62245,Sankt Lorenzen am Wechsel,11.17,60
62247,Schäffern,11.4,57
62252,Söchau,21.21,112
62256,Stubenberg,14.29,127
62262,Wenigzell,5.52,26
62264,Bad Waltersdorf,19.07,305
62265,Dechantskirchen,6.32,48
62266,Feistritztal,19.32,187
62267,Fürstenfeld,19.95,610
62268,Grafendorf bei Hartberg,10.94,129
62269,Großwilfersdorf,18.95,184
62270,Hartl,14.64,119
62271,Ilz,18.29,261
62272,Kaindorf,13.24,139
62273,Bad Loipersdorf,25.13,187
62274,Neudau,16.6,88
62275,Pöllau,14.88,297
62276,Rohr bei Hartberg,20.5,131
62277,Rohrbach an der Lafnitz,5.56,58
62278,Vorau,8.33,132
62279,Waldbach-Mönichwald,12.11,73
62311,Edelsbach bei Feldbach,18.9,96
62314,Eichkögl,10.55,56
62326,Halbenrain,28.71,209
62330,Jagerberg,16.34,101
62332,Kapfenstein,19.31,118
62335,Klöch,11.46,74
62343,Mettersdorf am Saßbach,13.93,73
62368,Tieschen,22.71,129
62372,Unterlamm,26.12,134
62375,Bad Gleichenberg,18.69,381
62376,Bad Radkersburg,21.74,298
62377,Deutsch Goritz,16.99,139
62378,Fehring,24.36,678
62379,Feldbach,11.68,491
62380,Gnas,15.86,362
62381,Kirchbach-Zerlach,14.9,177
62382,Kirchberg an der Raab,13.86,255
62383,Mureck,22.59,340
62384,Paldau,15.42,180
62385,Pirching am Traubenberg,10.7,101
62386,Riegersburg,21.66,405
62387,Sankt Anna am Aigen,13.07,137
62388,Sankt Peter am Ottersbach,15.34,198
62389,Sankt Stefan im Rosental,11.23,149
62390,Straden,13.93,231
70101,Innsbruck,17.82,2407
70201,Arzl im Pitztal,5.92,53
70202,Haiming,9.38,138
70203,Imst,6.23,151
70204,Imsterberg,10.93,27
70205,Jerzens,12.62,41
70206,Karres,14.35,30
70207,Karrösten,7.12,19
70208,Längenfeld,11.38,179
70209,Mieming,7.2,93
70210,Mils bei Imst,6.22,14
70211,Mötz,8.45,37
70212,Nassereith,13.99,109
70213,Obsteig,5.93,27
70214,Oetz,10.79,89
70215,Rietz,13.99,108
70216,Roppen,13.88,83
70217,St. Leonhard im Pitztal,12.95,65
70218,Sautens,13.58,74
70219,Silz,14.27,120
70220,Sölden,13,156
70221,Stams,10.46,50
70222,Tarrenz,9.26,84
70223,Umhausen,15.76,170
70224,Wenns,7,46
70301,Absam,11.25,178
70302,Aldrans,4.24,29
70303,Ampass,7.4,37
70304,Axams,4.53,80
70305,Baumkirchen,6.84,26
70306,Birgitz,7.89,31
70307,Ellbögen,15.37,63
70308,Flaurling,15.74,68
70309,Fritzens,3.65,21
70310,Fulpmes,7.4,85
70311,Gnadenwald,6.69,20
70312,Götzens,5.32,61
70313,Gries am Brenner,23.06,104
70314,Gries im Sellrain,20.34,48
70315,Grinzens,7.11,32
70317,Gschnitz,22.08,34
70318,Hatting,7.18,30
70319,Inzing,8.55,96
70320,Kematen in Tirol,5.48,38
70322,Kolsass,8.13,36
70323,Kolsassberg,10.23,36
70325,Lans,13.52,43
70326,Leutasch,9.4,99
70328,Mieders,9.23,53
70329,Mils,3.48,44
70331,Mutters,7.6,51
70332,Natters,8.26,48
70333,Navis,7.81,50
70334,Neustift im Stubaital,9.85,141
70335,Oberhofen im Inntal,12.41,69
70336,Obernberg am Brenner,20.79,37
70337,Oberperfuss,9.26,83
70338,Patsch,12.34,38
70339,Pettnau,11.45,41
70340,Pfaffenhofen,13.44,50
70342,Polling in Tirol,4.12,16
70343,Ranggen,9.73,36
70344,Reith bei Seefeld,6.18,28
70345,Rinn,6.57,37
70346,Rum,2.84,39
70347,St. Sigmund im Sellrain,23,23
70348,Scharnitz,12.77,70
70349,Schmirn,22.18,63
70350,Schönberg im Stubaital,11.71,41
70351,Seefeld in Tirol,4.74,44
70352,Sellrain,8.67,43
70353,Sistrans,7.81,55
70354,Hall in Tirol,21.37,442
70355,Steinach am Brenner,13.67,115
70356,Telfes im Stubai,12.42,60
70357,Telfs,5.39,173
70358,Thaur,8.65,94
70359,Trins,14.13,66
70360,Tulfes,8.23,47
70361,Unterperfuss,12.7,8
70362,Vals,27.23,52
70364,Völs,3.51,44
70365,Volders,9.42,110
70366,Wattenberg,10.4,34
70367,Wattens,5.49,85
70368,Wildermieming,10.64,38
70369,Zirl,8.25,156
70370,Matrei am Brenner,16.14,134
70401,Aurach bei Kitzbühel,13.4,82
70402,Brixen im Thale,9.76,106
70403,Fieberbrunn,12.86,206
70404,Going am Wilden Kaiser,10.74,87
70405,Hochfilzen,7.19,32
70406,Hopfgarten im Brixental,13.87,283
70407,Itter,5.45,26
70408,Jochberg,14.19,109
70409,Kirchberg in Tirol,12.77,256
70410,Kirchdorf in Tirol,8.57,125
70411,Kitzbühel,9.24,305
70412,Kössen,10.13,159
70413,Oberndorf in Tirol,7.02,59
70414,Reith bei Kitzbühel,6.84,56
70415,St. Jakob in Haus,9.69,31
70416,St. Johann in Tirol,8.55,205
70417,St. Ulrich am Pillersee,5.47,43
70418,Schwendt,12.34,47
70419,Waidring,10.38,77
70420,Westendorf,11.35,171
70501,Alpbach,17.13,153
70502,Angath,8.36,26
70503,Bad Häring,13.1,98
70504,Brandenberg,12.31,65
70505,Breitenbach am Inn,6.99,77
70506,Brixlegg,12.7,101
70508,Ebbs,6.89,116
70509,Ellmau,7.03,87
70510,Erl,12.79,72
70511,Kirchbichl,7.81,133
70512,Kramsach,10.09,154
70513,Kufstein,10.26,256
70514,Kundl,7.7,101
70515,Langkampfen,5.26,68
70516,Mariastein,5.84,8
70517,Münster,6.25,63
70518,Niederndorf,4.66,40
70519,Niederndorferberg,14.89,42
70520,Radfeld,4.42,28
70521,Rattenberg,94.51,86
70522,Reith im Alpbachtal,15.08,135
70523,Rettenschöss,23.45,53
70524,Scheffau am Wilden Kaiser,12.48,73
70525,Schwoich,5.62,49
70526,Söll,9.28,118
70527,Thiersee,16.78,198
70528,Angerberg,7.26,51
70529,Walchsee,8.68,66
70530,Wildschönau,18.53,305
70531,Wörgl,5.66,119
70601,Faggen,4.31,5
70602,Fendels,2.22,2
70603,Fiss,3.33,11
70604,Fließ,6.55,65
70605,Flirsch,15.29,48
70606,Galtür,10.04,28
70607,Grins,3.11,13
70608,Ischgl,7.49,45
70609,Kappl,13.72,132
70610,Kaunerberg,11.97,17
70611,Kaunertal,4.19,9
70612,Kauns,5.63,9
70613,Ladis,12.78,29
70614,Landeck,11.43,177
70615,Nauders,20.07,115
70616,Pettneu am Arlberg,13.36,70
70617,Pfunds,11.64,93
70618,Pians,13.44,34
70619,Prutz,8.06,40
70620,Ried im Oberinntal,10.66,39
70621,St. Anton am Arlberg,4.49,43
70622,Schönwies,10.56,60
70623,See,8.95,34
70624,Serfaus,6.44,28
70625,Spiss,33.93,19
70626,Stanz bei Landeck,11.33,23
70627,Strengen,13.84,58
70628,Tobadill,23,46
70629,Tösens,3.62,8
70630,Zams,7.99,78
70701,Abfaltersbach,24.22,54
70702,Ainet,15.26,49
70703,Amlach,12.15,22
70704,Anras,24.68,114
70705,Assling,20.56,148
70706,Außervillgraten,35.18,89
70707,Dölsach,10.22,83
70708,Gaimberg,14.54,49
70709,Hopfgarten in Defereggen,16.4,41
70710,Innervillgraten,27.49,80
70711,Iselsberg-Stronach,2.67,8
70712,Kals am Großglockner,17.44,79
70713,Kartitsch,30.88,88
70714,Lavant,13.95,18
70715,Leisach,17,42
70716,Lienz,10.96,281
70717,Matrei in Osttirol,16.46,258
70718,Nikolsdorf,16.78,48
70719,Nußdorf-Debant,5.65,53
70720,Oberlienz,13.93,67
70721,Obertilliach,28.16,69
70723,Prägraten am Großvenediger,14.95,55
70724,St. Jakob in Defereggen,34.6,155
70725,St. Johann im Walde,17.89,22
70726,St. Veit in Defereggen,38.89,98
70727,Schlaiten,20,35
70728,Sillian,20.9,134
70729,Strassen,29.28,77
70731,Thurn,11.07,31
70732,Tristach,7.13,34
70733,Untertilliach,50.56,45
70734,Virgen,16.71,118
70735,Heinfels,14.71,50
70801,Bach,31.74,93
70802,Berwang,16.62,55
70803,Biberwier,15.43,50
70804,Bichlbach,25.34,75
70805,Breitenwang,10.27,45
70806,Ehenbichl,17.99,52
70807,Ehrwald,10.28,115
70808,Elbigenalp,27.19,93
70809,Elmen,22.29,39
70810,Forchach,12.04,13
70811,Grän,17.62,46
70812,Gramais,41.67,10
70813,Häselgehr,32.57,85
70814,Heiterwang,21.03,45
70815,Hinterhornbach,20,8
70816,Höfen,13.62,61
70817,Holzgau,30.94,56
70818,Jungholz,10.79,15
70819,Kaisers,61.11,22
70820,Lechaschau,10.5,69
70821,Lermoos,6.11,25
70822,Musau,20,29
70823,Namlos,55,22
70824,Nesselwängle,30.09,65
70825,Pfafflar,63.74,58
70826,Pflach,9.9,49
70827,Pinswang,18.62,27
70828,Reutte,9.19,129
70829,Schattwald,23.67,40
70830,Stanzach,11.57,28
70831,Steeg,31.78,82
70832,Tannheim,30.68,131
70833,Vils,17.17,96
70834,Vorderhornbach,18.4,23
70835,Wängle,16.87,56
70836,Weißenbach am Lech,18.16,89
70837,Zöblen,32.22,29
70901,Achenkirch,11.05,96
70902,Aschau im Zillertal,20.41,139
70903,Brandberg,22.82,34
70904,Bruck am Ziller,8.38,28
70905,Buch in Tirol,7.7,58
70907,Eben am Achensee,5.68,65
70908,Finkenberg,18.79,109
70909,Fügen,7.88,86
70910,Fügenberg,20.93,126
70911,Gallzein,8.13,17
70912,Gerlos,10.38,33
70913,Gerlosberg,23.22,49
70914,Hainzenberg,16.23,49
70915,Hart im Zillertal,18.66,117
70916,Hippach,17.84,94
70917,Jenbach,10.21,131
70918,Kaltenbach,16.39,79
70920,Mayrhofen,9.17,100
70921,Pill,12.16,67
70922,Ramsau im Zillertal,6.62,31
70923,Ried im Zillertal,11.36,41
70924,Rohrberg,9.88,24
70925,Schlitters,9.47,39
70926,Schwaz,16.47,398
70927,Schwendau,8.38,44
70928,Stans,9.49,61
70929,Steinberg am Rofan,9.09,20
70930,Strass im Zillertal,7.12,21
70931,Stumm,14.96,82
70932,Stummerberg,24.01,91
70933,Terfens,6.56,49
70934,Tux,11.61,80
70935,Uderns,12.23,62
70936,Vomp,5.33,77
70937,Weer,8.33,40
70938,Weerberg,12.09,111
70939,Wiesing,6.27,38
70940,Zell am Ziller,10.19,48
70941,Zellberg,11.91,38
80101,Bartholomäberg,21.28,219
80102,Blons,30.07,43
80103,Bludenz,13.89,407
80104,Bludesch,9.14,55
80105,Brand,10.73,34
80106,Bürs,10.56,91
80107,Bürserberg,21.57,74
80108,Dalaas,23.41,147
80109,Fontanella,32.73,90
80110,Gaschurn,23.59,176
80111,Innerbraz,17.07,56
80112,Klösterle,15.02,44
80113,Lech,4.85,33
80114,Lorüns,19.27,21
80115,Ludesch,10.89,109
80116,Nenzing,15.09,334
80117,Nüziders,6.17,92
80118,Raggal,27.3,107
80119,St. Anton im Montafon,8.37,17
80120,St. Gallenkirch,24.14,287
80121,St. Gerold,32.06,42
80122,Schruns,18.94,251
80123,Silbertal,30.77,132
80124,Sonntag,38.13,106
80125,Stallehr,13.4,13
80126,Thüringen,9.85,71
80127,Thüringerberg,22.55,69
80128,Tschagguns,20.24,219
80129,Vandans,9.78,101
80201,Alberschwende,21.07,251
80202,Andelsbuch,27.41,222
80203,Au,24.97,186
80204,Bezau,28.77,204
80205,Bildstein,21.02,74
80206,Bizau,27.89,123
80207,Bregenz,15.58,593
80208,Buch,14.22,33
80209,Damüls,26.7,55
80210,Doren,25,93
80211,Egg,24.84,378
80212,Eichenberg,18.44,26
80213,Fußach,4.11,52
80214,Gaißau,7.26,48
80215,Hard,7.7,239
80216,Hittisau,36.76,293
80217,Höchst,7.95,201
80218,Hörbranz,8.13,145
80219,Hohenweiler,12.35,53
80220,Kennelbach,18.15,92
80221,Krumbach,23.12,83
80222,Langen bei Bregenz,10.77,52
80223,Langenegg,29.44,111
80224,Lauterach,5.31,127
80225,Lingenau,24.15,113
80226,Lochau,7.97,95
80227,Mellau,15.56,75
80228,Mittelberg,15.67,225
80229,Möggers,22.42,37
80230,Reuthe,21.72,53
80231,Riefensberg,31.65,119
80232,Schnepfau,22.73,45
80233,Schoppernau,20.91,78
80234,Schröcken,25,27
80235,Schwarzach,6.01,66
80236,Schwarzenberg,30.74,284
80237,Sibratsgfäll,11.11,25
80238,Sulzberg,22.45,130
80239,Warth,18,18
80240,Wolfurt,7.07,159
80301,Dornbirn,10.11,1156
80302,Hohenems,10.96,463
80303,Lustenau,10.71,638
80401,Altach,6.91,139
80402,Düns,25.44,43
80403,Dünserberg,29.07,25
80404,Feldkirch,10.37,839
80405,Frastanz,9.97,186
80406,Fraxern,13.31,37
80407,Göfis,12.83,144
80408,Götzis,12.39,371
80409,Klaus,9.39,100
80410,Koblach,6.55,107
80411,Laterns,37.24,127
80412,Mäder,3.69,45
80413,Meiningen,6.5,55
80414,Rankweil,5.56,170
80415,Röns,17.48,25
80416,Röthis,11.04,74
80417,Satteins,16.2,140
80418,Schlins,11.07,82
80419,Schnifis,20.82,66
80420,Sulz,9.64,74
80421,Übersaxen,19.62,52
80422,Viktorsberg,12.33,18
80423,Weiler,9.34,62
80424,Zwischenwasser,13.89,151
90101,Wien-Innere Stadt,74.01,1176
90201,Wien-Leopoldstadt,31.18,1697
90301,Wien-Landstraße,47.73,1894
90401,Wien-Wieden,62.45,943
90501,Wien-Margareten,55.26,1192
90601,Wien-Mariahilf,64.16,949
90701,Wien-Neubau,70.55,1138
90801,Wien-Josefstadt,73.92,853
90901,Wien-Alsergrund,68.68,1353
91001,Wien-Favoriten,11.49,1600
91101,Wien-Simmering,8.85,663
91201,Wien-Meidling,20.09,1442
91301,Wien-Hietzing,15.19,1601
91401,Wien-Penzing,13.72,1820
91501,Wien-Rudolfsheim-Fünfhaus,50.51,1679
91601,Wien-Ottakring,30.25,2103
91701,Wien-Hernals,24.62,1519
91801,Wien-Währing,43.05,2064
91901,Wien-Döbling,17.98,1646
92001,Wien-Brigittenau,32.34,821
92101,Wien-Floridsdorf,7.24,1536
92201,Wien-Donaustadt,2.46,828
92301,Wien-Liesing,7.87,1326